,2015 Astros,2016 Dodgers,2017 Yankees,2017 Astros,2019 Dodgers
Reg_BA,0.221672687,0.153110765,0.230485364,0.173802934,0.176957415
Post_BA,0.179742586,0.193068735,0.165082783,0.16672113,0.173887163
Reg_HR_avg,0.042132259,0.03425154,0.043081873,0.042416682,0.042175162
Post_HR_avg,0.054463648,0.027977713,0.045643615,0.032375686,0.032037807
Reg_ERA,3.57,3.7,3.72,4.12,3.38
Post_ERA,3.980769231,4.59375,2.965317919,4.132075472,3.493421053
Reg_HRA_avg,0.102706454,0.113558156,0.132535665,0.132780083,0.121273713
Post_HRA_avg,0.115248538,0.130568888,0.399247008,0.205587515,0.112301587